{"cameraMode":{"drawMode":0,"name":"Shaded","section":"Shading Mode"},"sceneLighting":true,"audioPlay":false,"sceneViewState":{"m_AlwaysRefresh":false,"showFog":true,"showSkybox":true,"showFlares":true,"showImageEffects":true,"showParticleSystems":true,"showVisualEffectGraphs":true,"m_FxEnabled":true},"in2DMode":false,"pivot":{"x":-0.9737725257873535,"y":1.1215426921844483,"z":0.5337133407592773},"rotation":{"x":-0.08868339657783508,"y":-0.014345336705446244,"z":0.0012778640957549215,"w":-0.9959559440612793},"size":5.037118911743164,"orthographic":false}